{"eval_loss": 0.6390407085418701, "eval_accuracy": 0.734532220081353, "eval_f1": 0.663371502360781, "eval_matthews_correlation": 0.5644396754889729, "eval_precision": 0.6670031383956981, "eval_recall": 0.6631197263643455, "eval_AUC_score_0": 0.8599293710990104, "eval_AUC_score_2": 0.8026522355222433, "eval_runtime": 12.5031, "eval_samples_per_second": 373.586, "eval_steps_per_second": 5.839, "epoch": 10.0}