{"eval_loss": 0.20320186018943787, "eval_accuracy": 0.9281241022694628, "eval_f1": 0.5943041030895329, "eval_matthews_correlation": 0.4921313873452111, "eval_precision": 0.5698018028726363, "eval_recall": 0.6280969969952396, "eval_AUC_score_0": 0.9427450584417083, "eval_AUC_score_2": 0.9181897192200401, "eval_runtime": 165.7692, "eval_samples_per_second": 209.991, "eval_steps_per_second": 3.282, "epoch": 15.0}