# GREAT version 4.0.4	Species assembly: hg38	Association rule: Basal+extension: 5000 bp upstream, 1000 bp downstream, 1000000 bp max extension, curated regulatory domains included
# Term Name 	 Binom Rank 	 Binom Raw P-Value 	  Binom FDR Q-Val  	 Binom Fold Enrichment 	 Binom Observed Region Hits 	 Binom Region Set Coverage 	 Hyper Rank 	  Hyper FDR Q-Val  	 Hyper Fold Enrichment 	 Hyper Observed Gene Hits 	 Hyper Total Genes 	 Hyper Gene Set Coverage
platelet-derived growth factor binding	35	4.632555e-16	5.588184917142856e-14	3.829222	54	0.005619147	82	0.010472871802439025	2.600945	10	11	0.001523693	
transcription cofactor binding	53	1.150797e-11	9.167292328301886e-10	2.098564	103	0.010718	102	0.04966913950980393	1.748413	22	36	0.003352126	
HMG box domain binding	84	3.587597e-9	1.8031945873809525e-7	2.238729	67	0.006971904	85	0.012721770136470589	2.225253	14	18	0.002133171	
neurotransmitter transporter activity	171	0.00001240058	0.000306171045380117	2.161791	39	0.004058273	99	0.03294404850303031	1.945507	17	25	0.002590279	
delayed rectifier potassium channel activity	175	0.00001529408	0.00036898060434285715	2.054459	43	0.004474506	88	0.014543892825	2.145779	15	20	0.00228554	
