{"eval_loss": 0.2036496102809906, "eval_accuracy": 0.9281241022694628, "eval_AUC_score_0": 0.9427450373792046, "eval_AUC_score_2": 0.9181896491301849, "eval_FPR_Thresholds_0": [-0.39354804158210754, 0.0886303037405014, 0.34452739357948303, 0.8528411388397217], "eval_FPR_Thresholds_2": [-0.5178720355033875, -0.11259077489376068, 0.17079004645347595, 0.7585378885269165], "eval_runtime": 93.3867, "eval_samples_per_second": 372.751, "eval_steps_per_second": 5.825}