{"eval_loss": 1.160860538482666, "eval_accuracy": 0.5109148602668502, "eval_AUC_score_0": 0.65799241699956, "eval_AUC_score_2": 0.6316563265901727, "eval_FPR_Thresholds_0": [1.2058665752410889, 1.404144525527954, 1.5138853788375854, 1.7557471990585327], "eval_FPR_Thresholds_2": [0.9698297381401062, 1.2799856662750244, 1.4365260601043701, 1.6853749752044678], "eval_runtime": 70.9412, "eval_samples_per_second": 368.714, "eval_steps_per_second": 5.765}